TagName,TagDescription
Fantasy,Stories featuring magic supernatural elements or imaginary worlds
Science Fiction,Stories based on futuristic science technology or space exploration
Romance,Stories centered on romantic relationships and emotional connections
Mystery,Stories involving solving a crime or uncovering secrets
Thriller,Fast-paced stories with suspense tension and high stakes
Horror,Stories intended to scare unsettle or disturb the reader
Adventure,Stories focused on exciting journeys or explorations
Historical Fiction,Stories set in a specific historical time period
Young Adult,Stories targeted toward teenage readers with coming-of-age themes
Dystopian,Stories set in oppressive or controlled societies
Post-Apocalyptic,Stories set after the collapse of civilization
Urban Fantasy,Fantasy stories set in modern real-world environments
Dark Fantasy,Fantasy stories with grim dark or horror elements
Epic Fantasy,Large-scale fantasy stories with complex worlds and multiple characters
Paranormal,Stories involving ghosts spirits or supernatural beings
Supernatural,Stories featuring forces beyond scientific understanding
Crime,Stories focused on criminal activities and investigations
Detective,Stories centered around a detective solving cases
Psychological,Stories exploring characters’ mental and emotional states
Drama,Stories focused on realistic emotional conflicts
Slice of Life,Stories depicting everyday life and ordinary experiences
Comedy,Stories intended to amuse and entertain
Satire,Stories using humor to critique society or politics
Tragedy,Stories with serious themes often ending in loss or sorrow
Action,Stories with intense physical activity and conflict
War,Stories centered around military conflict and warfare
Political,Stories involving political systems intrigue or power struggles
Steampunk,Stories featuring steam-powered technology in a retro-futuristic setting
Cyberpunk,Stories set in high-tech dystopian futures with cybernetic elements
Space Opera,Grand space-based adventures with dramatic conflicts
Time Travel,Stories involving movement through time
Alternate History,Stories exploring what-if scenarios in historical events
Mythology,Stories inspired by myths legends or folklore
Fairy Tale,Stories with magical elements often moralistic in nature
Gothic,Stories with dark romantic settings and eerie atmospheres
Western,Stories set in the American frontier or similar settings
Survival,Stories focusing on characters enduring harsh conditions
Coming of Age,Stories about personal growth and maturation
LGBTQ+,Stories featuring LGBTQ+ characters or themes
Family,Stories focusing on familial relationships
Friendship,Stories emphasizing bonds between friends
Revenge,Stories driven by a character seeking vengeance
Redemption,Stories about characters seeking forgiveness or change
Betrayal,Stories involving broken trust or deceit
Magic,Stories heavily featuring magical systems or abilities
Sword and Sorcery,Fantasy stories focused on heroic battles and magic
Military Sci-Fi,Science fiction stories focused on military operations
Heist,Stories involving elaborate thefts or schemes
Espionage,Stories about spies and secret intelligence work
School Life,Stories set primarily in educational environments
Sports,Stories centered around athletic competition