Username,EncryptedPassword,AccountCreatedDate
adun0,pqbDNURcXV#<,2023-03-26 07:49:55
lrickhuss1,lFI0WLzi,2024-02-29 19:58:22
dpoulter2,87\tqVED)jE>3H|h,2026-03-15 23:49:31
hbedo3,'(K`S&7|,2024-07-16 08:34:15
jlismore4,u1`R5%uq,2026-03-20 09:49:56
kclaesens5,Zyl9Jt!=,2025-12-23 06:37:13
fstobbart6,jMxPQvJDmD!p,2023-07-14 11:08:30
bmacgillavery7,W!qhXP/5EnpWi'#,2023-04-05 03:43:00
bbirdfield8,NjWGT1@tx1dVN},2023-11-22 04:38:56
cfound9,i5}HgPGTfZ$FE)4,2023-03-28 05:29:47
mveschambrea,eNn`}dU2Nu$,2024-02-21 19:07:04
ssilcockb,(6\vhiHA*c.p>,2024-01-20 08:25:20
ahaistwellc,"o$\NlB5q,QuuV",2023-09-14 18:04:27
emourbeyd,wV\Y'3G<`5=s,2023-11-12 08:27:16
tarnaute,0N{s21BpT,2024-06-08 18:12:20
mtidyf,5#A.NMf@nb`Y@5,2024-02-19 16:43:52
pdurmang,i|7U/I.H%),2026-01-21 00:38:25
avinterh,}Q4bo9I3BW2,2025-10-13 09:04:04
bvanbruggeni,B7lyu`@_&H?jxzs,2024-01-19 15:57:42
fsheehanj,i(>UAO#A,2025-05-21 03:21:48
helacoatek,X&+sehE\?#|',2023-05-18 22:33:32
lmuckartl,41S>'E1VE<Y5!,2024-09-28 23:22:09
bmeyshamm,W/$<57HZ=fmRT,2023-11-27 01:15:01
dcauleyn,",g9Olf/dfGX",2026-01-05 03:30:42
dmcleeseo,"|7=4+Q|i~CNa,",2025-10-12 04:31:23
tleidenp,"JD4""&=J%AB,WAvYc",2023-01-23 12:05:50
rancliffq,"E,gL|w+&i'r,jVnp",2024-11-27 03:18:31
mdohmannr,"1`ji(>,a\L",2025-01-24 12:22:38
ddugoods,(s=3J>_lI1,2025-05-15 01:46:38
sbickt,"8?lE0""7d$37xsT",2024-02-28 16:37:38
lkaszperu,Jg>ZXAAv~('s1c+,2026-03-24 14:01:10
trodearv,4W+W>5J}IT8,2024-09-20 03:45:51
alemarchandw,(v3{..tT,2024-11-28 15:09:03
silemx,fQy$kYK/A?g,2025-07-24 09:23:58
jcolecroughy,"'brrBrm""8<",2025-11-11 08:16:13
wmericz,|8$a/+OA2A0x,2025-09-05 18:24:23
tallsepp10,J0rMS&'LDj1>),2025-04-27 13:09:43
hadelsberg11,@N0GJ?.lvA1,2024-04-10 00:27:01
hbriscam12,q'ipfcNOf?2OKI\,2023-04-19 06:20:13
tfrigot13,\e}Hr&s*QNA$3Ne,2025-10-16 00:14:51
bocullinane14,R'wCww'M,2024-07-27 03:26:37
bcornew15,vN~X==OPy>wa5?s$,2024-02-26 15:59:42
moattes16,Di'V8(Bi\TLD%F,2023-11-12 22:28:44
ahysom17,F*)Cl>_fP'7,2024-12-29 12:55:38
wbisson18,7oh1Qum{,2024-07-12 09:59:55
fsirmon19,P%mB~Ke=<x,2023-08-27 12:25:34
mdunbobbin1a,<EeLN}G#\,2026-02-18 00:49:07
ssans1b,rm4FeR7%?@<}&,2023-12-24 13:06:27
bciabatteri1c,X/2!|'Ry=hU#hHW/,2026-01-14 06:06:58
bstapleton1d,6XR}I0O0irH19SC@,2025-07-26 07:32:20
